{"cameraMode":{"drawMode":0,"name":"Shaded","section":"Shading Mode"},"sceneLighting":true,"audioPlay":false,"sceneViewState":{"m_AlwaysRefresh":false,"showFog":true,"showSkybox":true,"showFlares":true,"showImageEffects":true,"showParticleSystems":true,"showVisualEffectGraphs":true,"m_FxEnabled":true},"in2DMode":false,"pivot":{"x":105.21522521972656,"y":104.10258483886719,"z":90.439208984375},"rotation":{"x":0.13932567834854127,"y":-0.02228708378970623,"z":0.0031142698135226967,"w":0.9900310635566711},"size":318.0096130371094,"orthographic":false}